Token_ID,Submission_Date,Gender,Age_Group,Institution_Type,Lecture_Satisfaction_Rating,Course_Relevance_To_Industry_Rating,Number_of_Industrial_Trainings_Required,Programming_Languages_In_Curriculum
3iecc17hcyssjxsvos923iecc17fg2zb,2023-01-26,Male,20 to 24,University,4,No Response,,
79cmx9f35a8rkpzg5yyvz79cmlq1b7ma,2023-02-09,Male,20 to 24,Polytechnic,4,2.0,2.0,"FORTRAN, JavaScript, Java, C++, Python, C#, C, SQL, BASIC"
guvgwczzamuzfti9rguv2g2j7qso42c0,2023-01-10,Male,20 to 24,University,3,2.0,1.0,"Java, Python"
9d6kacm78oea59bd9dyglv2ykut38xku,2023-01-26,Male,20 to 24,University,3,No Response,,
rjnc2lqphru2g0nt3bvtirjnc97xevrr,2023-01-23,Male,20 to 24,University,1,1.0,1.0,
yflowz4s55u1r9iyflx4woxzh0jge6j8,2023-01-25,Male,20 to 24,University,3,3.0,2.0,
dwb49tji9e0en1o9ipxgnzsdwb4q85a7,2023-01-24,Female,20 to 24,University,4,3.0,2.0,"JavaScript, Java, Python, C++, C#, BASIC, FORTRAN"
a56jfgmrcgm2p5q6nz04a56ju1bpv2r1,2023-02-09,Female,20 to 24,Polytechnic,3,No Response,,"SQL, C, BASIC, FORTRAN, Java"
7a75h6zbge78lfuyzbbi7a75hm7on2e2,2023-02-10,Male,20 to 24,Polytechnic,5,4.0,1.0,"Python, C#, FORTRAN, BASIC"
pn9ngu4onjspzlk1tz6pn9hunaz5m24k,2023-01-27,Male,20 to 24,University,4,No Response,1.0,
tnlh9p4kdx6nu60a2xu29qtnlhpru0kj,2023-01-24,Female,20 to 24,University,1,2.0,2.0,
ziq4vqqlawd7kapziq4z8zvbi8s0oa4z,2023-01-27,Male,Below 20,University,4,3.0,1.0,BASIC
jfoj54xljod3oobhyg4njfoj5n10pam1,2023-02-10,Female,20 to 24,Polytechnic,4,5.0,3.0,Python
15l66ex24gygrigalfx4gt15l66exb0z,2023-02-10,Male,25 to 29,College of Education,4,5.0,1.0,"PHP, SQL, Java, C++, Python"
hw59jif03enk594v6tmhw59j4gv00fhf,2023-02-10,Male,25 to 29,University,3,3.0,1.0,
n1mozzz81t0rb2v05nfrn1mozpz4bz35,2023-01-25,Female,20 to 24,University,4,2.0,1.0,
z32rfuqxfywhwkz32rftmn7becxpeiwi,2023-01-13,Male,20 to 24,Polytechnic,3,4.0,5.0,"Python, C++, BASIC, FORTRAN, Java, SQL, JavaScript"
5hjxwv5xv6x735hjxwvszxj7rg66oplc,2023-01-24,Female,20 to 24,University,4,4.0,1.0,JavaScript
f6fauwn1gcsfb33yp9anef6fauwuw5rv,2023-01-26,Female,Below 20,University,3,No Response,,
qdph46a1g0ei8rqdph465ge3t2w14f42,2023-01-25,Female,20 to 24,University,3,3.0,2.0,
wrqlfanbcuja0j2dwrqllz7idppja5bs,2023-01-27,Male,Below 20,College of Education,3,No Response,,
sdbdu1w588nlt3vsdbdueumwg0fuqzu7,2023-01-26,Female,20 to 24,University,1,3.0,,
4ju502wfexmwcpqc0260vs4ju5shcicb,2023-01-24,Male,20 to 24,University,1,2.0,,
a6x63r44zxmrsifktxnra6x63r4ifn8z,2023-02-07,Male,Below 20,Polytechnic,1,No Response,,C
slonu5rziwm8rku0slonu520fkokgwdx,2023-01-27,Male,20 to 24,University,4,No Response,1.0,"BASIC, JavaScript, C"
jt4bpg5su4foklbq68yjt4bgtj8g6tbx,2023-01-23,Female,20 to 24,University,2,1.0,2.0,
wx020668lth5vvxfh5wx0bjwgt1ce62b,2023-01-24,Female,20 to 24,University,3,4.0,2.0,FORTRAN
5yky9z271pmy5e5ykqojd78w8sdnoegx,2023-01-25,Female,Below 20,University,4,3.0,,
bpbzdp4hkf7duxnbpbnzqgjr5ckv6lq9,2023-02-10,Male,20 to 24,Polytechnic,4,4.0,1.0,Python
sfyt14mjst7t03oxylhmsfyt14xwe4w5,2023-01-26,Female,20 to 24,University,4,2.0,,
s9nghzvbxb9b64x1fors9ngx2y0oh9ed,2023-01-26,Male,20 to 24,University,3,No Response,1.0,
w37je0yq4nafd6heppo4w37je0jxnw5x,2023-01-25,Male,20 to 24,University,4,No Response,2.0,
u0zw0b3g29kthed6egpyu0zw0br26ewp,2023-01-24,Male,20 to 24,University,2,1.0,,
1850yu1iym4040u1850zn94exf7x7abm,2023-01-26,Male,20 to 24,University,4,4.0,1.0,
jbfjkmotguxkcjbfjk52kwumjsn8uhku,2023-01-25,Male,20 to 24,University,1,2.0,1.0,
eqchvola5kideqf75kji88jdrjzwyqnf,2023-02-10,Male,25 to 29,College of Education,5,4.0,,"Python, C++, C#, JavaScript, Java, Visual Basic, MatLab"
2cmgc0h3twx7jdl5me2cmgc0hobq6321,2023-01-26,Male,20 to 24,University,3,No Response,,
3wafu5bx3l9g6z1hnb3warz66xrjlisa,2023-01-25,Female,20 to 24,University,3,1.0,1.0,"Java, JavaScript, C#, C++, BASIC"
lil6l7p7j94ph26zxlil6lsyprl4bwrf,2023-01-25,Male,Below 20,University,3,4.0,2.0,
95tpxhkmbw8ljiuo95t0gxchrgqzle93,2023-01-25,Male,20 to 24,University,1,1.0,1.0,"Java, C, C#"
6ibodoxi87elydtxl6ibodoxiytc2min,2023-01-14,Male,20 to 24,Polytechnic,5,No Response,5.0,"Python, BASIC"
wfkqz3crcr88x5wpraiwfkqzr0fq3qnc,2023-01-27,Male,20 to 24,University,4,3.0,1.0,"FORTRAN, C#, Java, Python, MatLab"
5km9qy9154p3y575km9187r2jdxzztu4,2023-01-26,Female,20 to 24,University,1,No Response,,
qjhg95mnvhl6kfr9np1qjhg95mxd2x5i,2023-02-09,Male,25 to 29,Polytechnic,3,2.0,2.0,"SQL, Java, JavaScript, C#, Python"
lwrq47b32xp4reilmlwrq47bydkliunz,2023-01-13,Female,20 to 24,Polytechnic,3,4.0,2.0,"Java, C, Python, Visual Basic"
ftpm6xjbqwait0ryk2ga0ftpm66qx1q8,2023-01-27,Female,Below 20,University,4,4.0,1.0,"BASIC, C#"
pirkkwc3vh9ovqwpiryv0x4prd8urcwl,2023-01-26,Female,Below 20,University,3,No Response,,
5gkd6x9858g0vl221035gkd6x965hc1d,2023-01-26,Male,20 to 24,University,3,No Response,,
l1u8eucif4w0fwgyrqnl1u8eulj3137f,2023-01-26,Male,30 and above,University,2,3.0,1.0,
74v0rmzce0oes74v04b1f62ebfojc0u0,2023-01-26,Female,30 and above,University,1,No Response,,
qpgvnybeolyl36w73ubysjqpgvnybfbg,2023-02-08,Female,20 to 24,University,1,1.0,1.0,
46tavbyad0l9ugy4cm46tavbyd4k7q4t,2023-01-26,Male,Below 20,University,3,No Response,,
r5x0e4aq2t6qi7i76cadr5x0eaoadt2o,2023-01-24,Female,20 to 24,University,3,3.0,1.0,
qqutjqkxld3987pj7qqutlb0ysbj4r3k,2023-01-23,Male,20 to 24,University,2,2.0,1.0,"Java, C, C++, PHP"
bh2vo9iuem3y8n6iex9it2bh2vo9iue7,2023-01-26,Female,20 to 24,University,3,No Response,,
x7mv1r4iar0c7q3ivks58e0mx7mv1rx1,2023-01-16,Male,20 to 24,University,3,2.0,2.0,"C++, MatLab"
9392qo8al2b8puggcwqe9392qo84y3af,2023-01-25,Male,20 to 24,Polytechnic,1,1.0,1.0,
89zejq0zncwq1ihaw6g89zejm1dsx3j3,2023-01-24,Female,20 to 24,University,3,2.0,,SQL
8k959k0qz9rb247nhlxfz68k95958oa7,2023-01-14,Male,25 to 29,Polytechnic,3,5.0,2.0,"Java, FORTRAN, BASIC, SQL, Python, Visual Basic, C++, JavaScript, PHP, COBOL"
7ze7dp2c9b1ovo2ad9n7ze7f39dtwxfx,2023-01-25,Male,25 to 29,University,5,5.0,1.0,
hb8flcyjeu8bholw82oohb8flcgz71li,2023-01-26,Male,20 to 24,College of Education,3,3.0,,BASIC
qnwtn2p1pf5n3ycqnwtnklwmmw7t2xyf,2023-01-24,Female,20 to 24,University,3,3.0,1.0,Visual Basic
v7t39zd2k2c930uepiv7t3h6xabhiq9z,2023-01-27,Male,20 to 24,University,4,No Response,1.0,"BASIC, Visual Basic"
mtadhpxewpevncqatbsqzsmtadhpxnxj,2023-02-09,Female,20 to 24,University,3,3.0,2.0,"JavaScript, SQL, FORTRAN, PHP"
uykr71lasuhd9ouykriijbl23k7lc8fo,2023-01-26,Female,20 to 24,University,3,No Response,,
fcteijcz3hrtr14tg4fcteijcz7r8qkv,2023-01-12,Male,Below 20,University,2,3.0,1.0,"SQL, Java, C, C#, C++"
jpn2qxxgmtvm0bozsjjpn2q65vz9zte9,2023-01-24,Male,25 to 29,University,3,1.0,1.0,
e07js98a2cv76z7le07jsgcz4kukgxvz,2023-01-24,Female,20 to 24,University,3,4.0,2.0,"FORTRAN, BASIC, Python"
nee04ffdpsv9hc7v8aiqnbnee04fr8id,2023-02-07,Female,20 to 24,Polytechnic,3,No Response,0.0,
v5nx8l6ufsu9lawdev5nx8a65djlb2n9,2023-02-11,Male,25 to 29,Polytechnic,3,2.0,1.0,BASIC
pqv0e4kbmbm7c8qnepqw6tqfistexvda,2023-01-15,Male,Below 20,Polytechnic,5,5.0,4.0,Python
q2kqrhfcdnjhqvpq5oq2kqrk478homua,2023-01-25,Female,20 to 24,University,3,No Response,,
hchz6u52hogmfas6jkrmxhchz6ut5jb1,2023-01-13,Male,25 to 29,University,5,4.0,2.0,"C#, C++, C, Java, SQL, R, Visual Basic, MatLab"
1q52gp8tt6434pas33tw1q52gp8a7zxo,2023-02-07,Female,25 to 29,University,3,No Response,1.0,
9j3dpiw9aaj9mgkpj0vp9j3dpiao4ma9,2023-01-08,Male,20 to 24,University,1,2.0,4.0,"C++, MatLab"
nxv5s29yxmbuuvxqrhrq7nxv5uoqhnzl,2023-01-23,Female,25 to 29,Polytechnic,3,3.0,1.0,
x9aj23dnc4fv32o9t1l8x9amllxgjnd4,2023-01-24,Female,Below 20,University,3,1.0,,
lkj05l1lgkaqeaxiwplxdlkj05olzrfw,2023-01-13,Male,20 to 24,Polytechnic,1,3.0,2.0,
x6asqdrc3lynysgour613x6asqdche2a,2023-01-25,Male,20 to 24,University,4,2.0,,
k71156bskx4ta1ub9zwk71151yf4390z,2023-01-09,Male,Below 20,University,1,1.0,3.0,"BASIC, FORTRAN"
iy68l1t8t765su8iiy68lu7g2a3yxevz,2023-01-18,Male,20 to 24,University,4,4.0,1.0,"C#, Python"
nk3j904fn2dwzkz3ank3jmcbukj4tph3,2023-01-26,Male,20 to 24,University,5,4.0,3.0,C++
ez1tged893voexr4ftal23uorpbzprn6,2023-01-24,Female,20 to 24,University,2,3.0,,"JavaScript, BASIC"
ntkskr6d7vfcihntk5ydhaw2zr7rwnig,2023-01-25,Male,Below 20,University,3,3.0,2.0,
q9eqokawi769jk5apk7mcq9enfu3vlwq,2023-01-23,Male,20 to 24,University,3,3.0,2.0,"C++, JavaScript, SQL, C#"
w8no7t79yn35q79rlvvjnsmynnw8no7t,2023-01-25,Male,Below 20,University,5,5.0,1.0,
xgz3p9bqq3buoiu5e5xgzxoypidm0hpa,2023-01-27,Male,20 to 24,University,3,4.0,2.0,"JavaScript, Python, PHP, BASIC, SQL"
90z12glvsro9v4px90z128z9c1fffkki,2023-01-26,Female,20 to 24,University,3,5.0,1.0,
yjmnqb8al749gi64e1yjmnqzhmom6mvx,2023-01-13,Male,20 to 24,University,3,3.0,1.0,"Java, C#, C++, C, SQL, PHP"
kpoohtt1aaq6fkpocfi07t4ef8w72629,2023-01-24,Female,Below 20,University,4,4.0,,Java
c139iebmh2r0gbsnc1elsna04qvnw0bd,2023-01-25,Male,20 to 24,University,5,1.0,2.0,SQL
v8f1s5xp68cidhgptw94pwmv8f1s57g3,2023-01-27,Male,20 to 24,University,5,No Response,,
n37u5hh449rwus0n5bqn376r25808i6a,2023-02-09,Male,20 to 24,University,3,2.0,1.0,"C++, Python"
yyaho00evxuf7qm7mcyyaho1jtx01ihi,2023-01-24,Female,20 to 24,University,3,4.0,2.0,"FORTRAN, Java, C++, Python"
n97ac4mxpuakbssww4r2ke8n97ac4nnw,2023-02-10,Male,20 to 24,Polytechnic,3,4.0,1.0,"BASIC, SQL, Python"
k9qc0lfr7s859eaiw5k9qc04i66e7t3w,2023-01-24,Male,25 to 29,University,4,4.0,2.0,iOS/Swift
wywsmonl5qkxeuwy1jh0d2qq1do7l7b1,2023-01-27,Female,Below 20,University,4,No Response,,
56a1zb4kxmlwtlvv4jal56acjpi8gxx4,2023-01-26,Female,20 to 24,University,3,No Response,,
3cw84qhjglsr1sxaxah3cw0bnir8gxri,2023-01-25,Female,20 to 24,University,3,No Response,,
y65j99ly6htcm0zdt9w2pdtqy65j99lp,2023-02-08,Female,20 to 24,University,4,2.0,1.0,
nt9f0p0enzky2y1revnt9fokpwwcqn57,2023-01-25,Female,20 to 24,University,3,No Response,,
juosx8d29e6uyr29tojuosx8dthd00dw,2023-01-26,Male,20 to 24,University,5,5.0,1.0,"BASIC, C++, C, JavaScript"
6kfjkm16230asa26kftexxyqhgqdswfh,2023-01-27,Female,20 to 24,College of Education,4,No Response,,
ic3p1s4n624m6b5geric3p15u4slhz1w,2023-01-26,Female,Below 20,University,2,2.0,2.0,BASIC
7tkyajbw8ukmqekxigd7tkyajbwst0mu,2023-01-25,Female,Below 20,University,3,No Response,,
ogn8moluxhzmpogn8rdxey2uxqc02hs5,2023-02-07,Male,20 to 24,Polytechnic,2,1.0,1.0,"C#, Python"
0n9xrw8yxqqkf4eh0n9xrtnphsk7mlco,2023-02-07,Female,20 to 24,University,3,3.0,1.0,
7sqt28a6t9otquy4s7sqzft0aj906up2,2023-01-26,Male,20 to 24,University,3,No Response,,
oig9aht0xoujx5xoaoijoig9ah8s4cjj,2023-01-27,Male,20 to 24,Polytechnic,3,2.0,2.0,"C++, Python, Java"
l26490szty9dzql26492iq17wfxm76k7,2023-01-26,Male,20 to 24,University,2,No Response,,
7m354j6aq2rnas6ynnub3b77m354pv6i,2023-01-13,Male,Below 20,University,4,5.0,1.0,"SQL, Java, JavaScript, C, C#, Python, PHP, C++, R, Visual Basic"
2872am67jc10qr2872amdozfw73udkze,2023-01-26,Male,20 to 24,University,3,No Response,,
8ou0dmqzfft3ik8vcl8ou0dmi3hr192c,2023-01-26,Male,25 to 29,University,3,No Response,,
1uo8zgfoc5qbrnzt0i291uo8z6khpey2,2023-01-24,Male,20 to 24,University,2,2.0,3.0,"BASIC, FORTRAN, C++, C, Visual Basic"
i8c1w0gjbe6cvqoszi8c1wvbmdg5kknj,2023-01-28,Female,20 to 24,College of Education,4,No Response,,
g7v1e3uv7btp1lssshg7v1erel5k4uxu,2023-02-08,Female,20 to 24,University,3,2.0,,
vw6n0k2kf7j7hq4vw6ryqjgmf3aegtce,2023-01-25,Female,20 to 24,University,3,3.0,1.0,
wdno246foe7c5w8cwdno216fo88dui28,2023-01-23,Male,25 to 29,University,4,2.0,1.0,
euturm41vmld31xxgqu6zbceuturp9h9,2023-02-10,Male,20 to 24,University,3,4.0,1.0,"BASIC, Java, JavaScript, Python"
ufnmlg3btugkq5fibg68ufnmlg0f0twp,2023-01-25,Male,20 to 24,University,3,3.0,,
3cerhc0by6xbbux1e3cergu7cymfbcje,2023-01-24,Female,20 to 24,Polytechnic,3,3.0,1.0,"C++, BASIC, FORTRAN"
7s1btocrvciedx97s1btos6zdrod64zw,2023-01-26,Male,20 to 24,University,3,No Response,,
d0hbrq7qec3s3xp4gmfxd0hbbhwat2wp,2023-01-24,Female,20 to 24,University,4,4.0,,
csm76f0zyx9zyacl7xtqcsm76f0zt2sg,2023-02-07,Male,20 to 24,University,5,2.0,2.0,
gk6obfugvsd2xo2jygk6ufn9139v403j,2023-02-07,Male,Below 20,Polytechnic,4,3.0,1.0,Python
rh27vx8hlguvzh3rh27vmifp81kbgnek,2023-01-26,Male,20 to 24,University,3,4.0,3.0,
chhfvd6nvu21qyuygchhfvdporj9pu81,2023-01-25,Male,20 to 24,University,5,2.0,2.0,"Java, PHP, FORTRAN, JavaScript, C#, C"
9vmxssxijltdymxmabmh9vmxssxaxykd,2023-02-08,Female,20 to 24,University,3,No Response,2.0,
dbx7eq04leyo6z9ubes1dbx7eu7bwmzh,2023-02-09,Female,20 to 24,Polytechnic,5,5.0,2.0,
98kzebeg8sxgqak5nbubx98kze6fwn2w,2023-02-07,Female,20 to 24,University,2,3.0,3.0,"BASIC, JavaScript, C++, Python"
cwa6k0xi09djqcwa6k7rwh543p4ekcl7,2023-01-25,Female,20 to 24,University,3,No Response,,
ahi5ki5vm99n42ja608dahi5kis0b5gz,2023-01-18,Male,20 to 24,University,1,3.0,2.0,C++
c5hrqdx04yt7xlpg298sbc5hrqdpohd7,2023-01-29,Female,20 to 24,College of Education,4,No Response,1.0,"BASIC, C++"
ls0id2z88beivkp05ls0cnvmbmll9s5z,2023-01-26,Male,25 to 29,University,3,3.0,,
25oy89u2wlqmy0m225oa313aoa5llr8n,2023-01-24,Male,20 to 24,University,4,No Response,3.0,"FORTRAN, C#, C++, Python"
hzuzxpovqsqnwbzspoghhzuzfn79cet1,2023-01-26,Female,20 to 24,University,3,No Response,,
5mhfimn8wp7bjvcbnc5mhfiow795qmin,2023-02-09,Female,20 to 24,University,3,1.0,2.0,"FORTRAN, C#, C++, Python, MatLab"
cj2qlm8q61uddilzdcj2ql331c1cd8ed,2023-02-08,Female,Below 20,University,4,4.0,,"FORTRAN, BASIC, JavaScript, Java"
wqypc7nqsquowjdqwq3pvdk9qk98aood,2023-02-07,Male,20 to 24,University,4,3.0,,"SQL, Java, JavaScript"
dnw2qlz0nik99v0ckdnw2gb0oapsjuy3,2023-01-14,Male,Below 20,University,3,3.0,1.0,"Java, C#, C++, Python, SQL, C, Visual Basic"
vuo79gukcgpkpqzvuo79o3uscyetv5fl,2023-01-27,Female,20 to 24,University,4,No Response,,
4tksjjss6xqpfwb71jf1h4tksbvnpewf,2023-01-26,Female,20 to 24,University,2,No Response,,
wq23fgjvot22t8qnwq23fzc047p5pjao,2023-01-25,Male,20 to 24,Polytechnic,4,4.0,,"JavaScript, BASIC, C"
n9wx1cx8f1mystyql1m73ln9wx10sxir,2023-01-26,Female,20 to 24,University,1,No Response,,
bww7sdarv9jefyzubww7q7drlei9w5io,2023-02-10,Female,20 to 24,Polytechnic,3,3.0,1.0,Python
7y2sd9tlpsp2y5e07y2sd8mvdq0mri7p,2023-01-25,Male,25 to 29,University,3,No Response,,
lef0wpbrndgsq774d6k3jqoylef0wpbv,2023-01-24,Male,20 to 24,University,2,1.0,1.0,C++
5gzd6l46ux7vj93e065gzda5y0xzkmst,2023-01-23,Female,20 to 24,University,3,2.0,2.0,
nd4hpl6eeaop3zi6u4lend4hpi7w537q,2023-02-09,Male,20 to 24,University,3,2.0,1.0,
z2j7fxprua80du59z2j7sycwqirb9x1r,2023-01-27,Female,20 to 24,College of Education,5,No Response,,
itutrqjwknwn48iitut9a0wlthqscvkn,2023-01-24,Female,20 to 24,University,3,3.0,1.0,
lrvcnetoeopc3zlrvvma1t4jtyk0y16x,2023-02-08,Female,20 to 24,University,3,1.0,1.0,
p1p54qlm0yccn6hgp1p54c2bka59i9py,2023-01-27,Female,Below 20,University,4,4.0,1.0,
1rj2082olj0hdmizmv8dl1rj20b33zwz,2023-02-10,Male,20 to 24,Polytechnic,3,3.0,,"C, C++, Python, FORTRAN, BASIC, SQL, Visual Basic"
j3zeirptsts2lbi5j3zeitoynap82xk8,2023-01-26,Male,Below 20,University,3,No Response,,
b0f9i2k9iquq6oe03b0fxgroeaiehjjv,2023-01-26,Male,20 to 24,University,2,No Response,,
00hkyri92obrfdwt7r27nz26vh00hkyr,2023-01-13,Male,20 to 24,Polytechnic,2,2.0,,
nrqv0l8pw13bx07cnrqv0l4r93xkvkvl,2023-01-24,Female,25 to 29,Polytechnic,3,4.0,2.0,
1g9g8f80zulovgdugga8cx1g9g8zu1ua,2023-02-09,Female,20 to 24,University,4,3.0,1.0,Java
g55vkjhp5q6oepjg55vk2ese14pvszqc,2023-01-26,Male,Below 20,University,3,3.0,4.0,Java
unl3t30baicxog38cf4557unl3t30mfi,2023-01-26,Male,20 to 24,University,4,4.0,1.0,"SQL, BASIC, FORTRAN"
ee54w4mhf5r7uuee5viiplr4y18glgrq,2023-02-10,Female,20 to 24,Polytechnic,5,4.0,5.0,"JavaScript, BASIC, Visual Basic"
26xpbvxp4038ukl79d26xp4r46frlzwh,2023-01-09,Male,20 to 24,University,1,1.0,1.0,"FORTRAN, BASIC, C, C++, Pascal"
874bz3smcy6khm2zf88ma874bzidrgs6,2023-01-26,Male,20 to 24,University,4,No Response,,
hsfajssdxclrd0fjt17hsfaweufb3ism,2023-02-07,Female,20 to 24,University,2,1.0,,
ba12fjt90geq5iy9izba1294f3ltpmhg,2023-01-27,Male,Below 20,College of Education,4,No Response,,
awq9al22kk7gy8luhzawq9aytn84s5y1,2023-02-08,Male,20 to 24,University,3,2.0,,"C++, Python"
ths7k7cjet5thn1deyqlkp23t42hhd43,2023-01-24,Male,20 to 24,University,4,4.0,4.0,"FORTRAN, BASIC, Visual Basic, Python, PHP, C#, C, SQL, Java, JavaScript, C++, Ruby on Rails, MatLab"
ncspo9blw1yhpncsnaf1d31pzfp4kwv1,2023-01-26,Male,25 to 29,University,2,No Response,,
pck7fm7myy81uz1m8pck7fm7mr9f4wec,2023-01-26,Male,25 to 29,University,4,No Response,1.0,"Visual Basic, Python, C++, C#, Java, JavaScript, BASIC, SQL"
v2sv8pmjo93hg06eueyv2svetl9cxq1m,2023-02-10,Female,20 to 24,College of Education,5,4.0,1.0,C++
yi102b6iduy3wuxryi102bxajozxvv0w,2023-01-24,Female,20 to 24,University,1,5.0,4.0,"BASIC, JavaScript"
b09mjbeigqlddbzkfpiwkb09mjb9cmyj,2023-01-26,Male,Below 20,University,3,No Response,,
x2a2x3yjow395ptsxjl3x2a2xckkdmez,2023-02-10,Female,Below 20,University,5,4.0,1.0,"Java, JavaScript, C++, Python"
fbpw2qvzwvpzvssatwfbpw25m2g1z77f,2023-01-26,Female,Below 20,University,3,No Response,,
7z8skeqwz0v9wkniu7z8ske9ql6r03fl,2023-01-12,Male,20 to 24,Polytechnic,1,2.0,1.0,"Java, C, C++, Python"
fus6i7o6898rvvzeosfus6kxjcsanol1,2023-01-26,Female,20 to 24,University,4,3.0,2.0,"FORTRAN, BASIC, JavaScript, Java, Visual Basic"
ivz46ekcoe5i6k6qrivz4eioox7jfndv,2023-02-07,Female,20 to 24,University,4,1.0,1.0,
bwhkm84b25tx6qqkga75bwhkm84yeemk,2023-02-07,Male,20 to 24,Polytechnic,3,3.0,1.0,"Python, C++"
kwqae2534cn0t3blwc6kwqau7ywn1qxh,2023-01-13,Male,20 to 24,Polytechnic,3,3.0,1.0,"Python, Visual Basic, C++, Java, BASIC, FORTRAN"
9piqml5b6o0dbi3o9piqml4zefwbyhki,2023-01-24,Female,20 to 24,University,5,4.0,3.0,
bwpfmhbi80i5palodctbwpfmhizdxcw7,2023-02-10,Female,25 to 29,University,3,1.0,3.0,
t8g5y2wzasnh9hcp3rt8g5y2wx6x986i,2023-01-27,Female,25 to 29,University,1,1.0,,
gldqmgvjxu4ccf0ryqnl9rgldqmg5ayh,2023-01-26,Male,25 to 29,University,3,No Response,,
oyh90rs96x6sd56gwgoyh906xfxw2c8w,2023-01-26,Female,20 to 24,University,3,No Response,,
84pqo5dcpwjbo39780pjtr784pqo5doi,2023-02-07,Male,20 to 24,Polytechnic,4,3.0,1.0,"Python, C++"
d2u422dsna8dd5d2u4q5br3exsug4eks,2023-01-26,Female,Below 20,University,4,4.0,1.0,BASIC
48ryokmda8gl2rffd148ryot73v25mjc,2023-01-07,Male,20 to 24,University,1,1.0,1.0,"FORTRAN, BASIC, C, C++"
uu814ecie7235etfuu81swdknvjxxzea,2023-01-26,Male,20 to 24,University,3,No Response,,
ep1d603h32aak1p7ep1d612ta78e2pbq,2023-01-26,Male,20 to 24,University,4,4.0,,
0kxbkslhlzdce0kxbkg474ls4m27jiw1,2023-01-24,Female,20 to 24,College of Education,4,No Response,,
unh6mg02uuxa5ssvhpwunh6mggcqjdf0,2023-01-25,Female,20 to 24,University,5,4.0,2.0,
4s88hzirginllvrglk8s4s88hzimh246,2023-01-27,Male,20 to 24,College of Education,4,No Response,,
9z2o48lkpdmo1eovtk9z2o4imlzcnlht,2023-02-09,Female,20 to 24,University,3,3.0,6.0,"Java, Python"
fnaoqfpfuzp1yqvhvg6hifnaoqjw1vad,2023-02-10,Male,20 to 24,University,1,1.0,1.0,
acuwvxh2cfcjfey85acuwvwn7rkcd2l4,2023-01-26,Female,20 to 24,University,3,No Response,,
yylxpn98csti9eh16uwryylxpn4xlo7k,2023-01-27,Female,20 to 24,University,3,3.0,1.0,
dwf1gjycsx3wdtwfm2edwf1gj2fksdk9,2023-01-27,Male,20 to 24,Polytechnic,3,5.0,1.0,"C++, Python"
u5qqw9oz6dizqq36zbz6vbu5qqw90axc,2023-01-13,Female,Below 20,University,3,2.0,0.0,
yfy5i2emxyr4yc5gs5oyfy5dk7cpm0dp,2023-02-10,Male,20 to 24,University,2,1.0,3.0,
x5daqvrahuyh77vu8i9v4rx5daqv691w,2023-01-24,Female,20 to 24,University,5,4.0,1.0,"Java, BASIC, C++, JavaScript"
shhal0ii7uzjl6dkh62hb6shhal056tu,2023-01-26,Female,25 to 29,University,3,3.0,,
ej0c4ab9vznugyf00ej09fz7bhp76jcn,2023-01-25,Male,25 to 29,University,2,3.0,,
0kvsxinu5gk7jq2qnuq0kvsxi3fyy4dm,2023-02-09,Male,20 to 24,University,3,1.0,1.0,C++
fktqnvocqz09kfktqnjgwkn04cqz2uqt,2023-01-26,Female,Below 20,University,4,3.0,1.0,"Java, JavaScript, C#, C++, C"
y76vcgq8qymjbltky76tqglxpkjdyuyn,2023-01-26,Male,20 to 24,University,1,No Response,,
jea933uje6a7quy0mjea933tyyn9puiz,2023-01-25,Female,20 to 24,University,1,1.0,1.0,"FORTRAN, BASIC, Java, JavaScript, Python, Ruby on Rails"
3730c30hbbua5zx53730c3vhflgecg7z,2023-01-21,Male,20 to 24,University,4,3.0,1.0,"C#, C"
5exr1776mbbl05exrbn0uczwxgh157pk,2023-01-25,Male,20 to 24,University,3,3.0,1.0,
35hyt45wtq7w4nhix35hytgt8odt9u49,2023-01-26,Male,20 to 24,University,4,4.0,1.0,"Java, C++, JavaScript"
32dfgtgp3scjf3b28l32dfpi5kd4j2wk,2023-02-09,Female,20 to 24,Polytechnic,3,4.0,3.0,
h8n3eeu4kftqvid1zh8n3ee7vw1ouzmx,2023-01-24,Female,20 to 24,University,3,3.0,1.0,
7p4l4vef4kq2wzqlidu7p4l4ve5ivdz8,2023-01-14,Male,25 to 29,Polytechnic,3,3.0,,
9w7ilwduxwwsve93x9w7iatoegc6pppr,2023-02-09,Female,25 to 29,University,2,1.0,,
k1zmnxi19rtj0rl9hk1zmnzazkait0px,2023-01-13,Male,20 to 24,University,2,2.0,2.0,
hla1vjhv78ir5ic83v3jhla1vjap9k1q,2023-01-23,Female,20 to 24,University,3,3.0,2.0,"C++, MatLab"
xgu7iq4ms1b38opft2yrsn23xgu7iq4m,2023-01-24,Male,20 to 24,University,4,No Response,1.0,Python
zjpjb6q8nh8wrbzzjpk0d7t4pj5osyeu,2023-01-25,Male,20 to 24,University,3,3.0,1.0,"C#, C++"
pvuetaf33vpxo61o4ppvuethch8r3ac4,2023-01-25,Male,20 to 24,University,2,1.0,1.0,
cqp5pi0zmhcq9u7o0pu6mt4hvzdy6ls0,2023-01-24,Male,20 to 24,University,3,3.0,1.0,
d31u97rj20s0zwaokqr5esd31u97shug,2023-02-08,Female,20 to 24,Polytechnic,3,3.0,1.0,"FORTRAN, Python"
4jtucb46kbqdia4jtuua83v13wi7w2fa,2023-01-25,Female,20 to 24,University,3,3.0,1.0,Python
0an0v1f7fthrnnuak880an078zv4ziji,2023-01-24,Female,20 to 24,University,4,4.0,1.0,"FORTRAN, Python, Java, BASIC, SQL, C#, C++"
p3zdgujl4jzwaece0p3zdglfacl11ra1,2023-01-06,Male,25 to 29,University,1,1.0,1.0,"C++, Java, MatLab, Visual Basic"
cj7mj7361vu8zsrwcj7djoau8ckhp24b,2023-01-12,Male,20 to 24,Polytechnic,2,1.0,1.0,"BASIC, Java, C"
3izytio1cszn17tge3izytc4gv49mrwo,2023-01-25,Male,20 to 24,Polytechnic,3,3.0,3.0,"Java, SQL, BASIC, C, C++, Python, MatLab"
tkwevwsgn45ew3jum9tkwbiatgfq7ozv,2023-01-25,Male,20 to 24,University,1,1.0,1.0,"Java, C, Visual Basic, MatLab"
4gn323j4nk5bmkd05mplzo84gn323raz,2023-01-24,Male,20 to 24,University,3,4.0,5.0,"Java, JavaScript, SQL, BASIC, C#"
2xa5fcugsbaf2xa5fjcszgin9ewcct81,2023-01-26,Male,20 to 24,University,2,No Response,2.0,
er2hxo8hyy3mrb63q4er2hx6gw4rbyph,2023-01-24,Female,Below 20,Polytechnic,3,3.0,2.0,
xwvkx1ixnbggy6mdwxwvkbd63kipmzp3,2023-02-08,Male,25 to 29,University,3,4.0,,Java
8vnmblr86599g3sclm2y8vnmblrj3bt3,2023-01-26,Female,25 to 29,University,3,No Response,,
idtfa5ia6deboamqnioidt3arkvf2fgz,2023-01-24,Male,20 to 24,University,1,1.0,1.0,
ccxmjz59dsma6zuomccxmc0b23f1unpe,2023-02-10,Male,20 to 24,Polytechnic,1,3.0,,"Python, C++"
9r9xx7ujcwi0lwkxo8w9r9xx7u0z958y,2023-01-23,Female,Below 20,University,3,2.0,,"SQL, R"
rd0tfawd07nhhsdrd0ty5h9nv35ksyjv,2023-02-09,Female,20 to 24,University,3,1.0,2.0,
49xsm4r4kkz5i2v5v449xsm4rjhq3wos,2023-01-26,Male,25 to 29,University,3,No Response,,
olmyz4oeqfe0z6w37oxigolmykhm5h7t,2023-01-27,Male,20 to 24,Polytechnic,3,1.0,1.0,"C, C++, Python"
i8aafitn3mb6qx1t7pp9z4oi8aafioxu,2023-01-27,Female,20 to 24,College of Education,4,No Response,,
eh8hkgnte5ymuwa5eh8hk43mlzsnq4nl,2023-02-09,Female,20 to 24,College of Education,3,2.0,1.0,"FORTRAN, BASIC"
yq1xtb0f616rcm33oyw67yq1xtb0a223,2023-02-10,Male,20 to 24,Polytechnic,1,3.0,1.0,
pbnbi6ub18o4f5594s1pbnbi69egrkk2,2023-01-26,Female,20 to 24,University,3,3.0,1.0,
kfjncjif62srjzkfjnlhqljuyj547m4r,2023-02-09,Female,20 to 24,University,2,1.0,2.0,
izv2w6z92q8o9izv2f9dxdz6h1glkt95,2023-01-21,Male,20 to 24,University,3,3.0,1.0,MatLab
kfxf39exm6qlkfxf3ot4y04cnb9j0ua7,2023-02-10,Male,Below 20,Polytechnic,2,4.0,1.0,Python
6d7vn8q2yd7me76x6d7vyy8wzejdnby6,2023-01-21,Male,20 to 24,University,3,2.0,1.0,"Python, C++, C#, Java"
xm3bf9mat7lsjvu0memlxm3bf9massui,2023-01-08,Male,20 to 24,University,3,3.0,3.0,"C++, MatLab"
kmunw7o3p2gixzhlyeokmunw7ty072jv,2023-01-24,Female,20 to 24,University,4,1.0,2.0,"FORTRAN, BASIC, JavaScript, C++"
dwfo491n9xlnrvdwfo4ji0gmat5y65oc,2023-01-25,Male,20 to 24,University,2,2.0,,"Python, C, Java, JavaScript"
hocvy89exl9mm2z8qyaukehocvy89osk,2023-02-09,Male,20 to 24,University,3,4.0,2.0,"MatLab, Python"
